                  epoch,         train/box_loss,         train/cls_loss,         train/dfl_loss,   metrics/precision(B),      metrics/recall(B),       metrics/mAP50(B),    metrics/mAP50-95(B),           val/box_loss,           val/cls_loss,           val/dfl_loss,                 lr/pg0,                 lr/pg1,                 lr/pg2
                      1,                0.74275,                0.48925,                0.86972,                0.63349,                  0.625,                0.61356,                0.34698,                 1.3416,                 1.0845,                 1.1736,                0.08607,                  7e-05,                  7e-05
                      2,                0.78318,                0.51855,                0.87973,                0.83289,                0.69778,                0.75959,                0.47143,                 1.2616,                0.79387,                 1.1077,               0.071145,             0.00014497,             0.00014497
                      3,                0.79134,                0.48309,                0.87889,                0.86885,                0.74833,                0.81917,                0.56465,                 1.1315,                0.69488,                 1.0463,                0.05622,              0.0002198,              0.0002198
                      4,                0.71724,                0.45858,                0.86686,                0.89292,                0.79221,                0.84537,                0.59811,                 1.1241,                0.65391,                 1.0531,               0.041294,             0.00029441,             0.00029441
                      5,                0.70302,                0.44684,                0.86375,                0.85947,                0.77471,                0.80987,                0.56945,                 1.0683,                 0.6911,                 1.0559,               0.026369,             0.00036869,             0.00036869
                      6,                0.70009,                0.44635,                0.85406,                0.90431,                0.78752,                0.84611,                0.61645,                 1.0262,                0.65931,                 1.0307,               0.011443,             0.00044253,             0.00044253
                      7,                0.69646,                0.44195,                0.85133,                0.90983,                0.79167,                0.86213,                0.63497,                0.98768,                0.60734,                 1.0216,             0.00049601,             0.00049601,             0.00049601
                      8,                0.68161,                0.42468,                0.85171,                0.90159,                  0.795,                 0.8791,                 0.6516,                0.96716,                0.57797,                  1.006,             0.00049458,             0.00049458,             0.00049458
                      9,                0.67859,                0.42411,                0.85262,                0.88357,                0.83479,                0.88978,                0.66908,                0.94196,                0.56096,                 1.0021,             0.00049293,             0.00049293,             0.00049293
                     10,                0.68561,                 0.4197,                0.85724,                0.89103,                0.84833,                0.90248,                0.67054,                 0.9509,                0.54999,                0.99829,             0.00049107,             0.00049107,             0.00049107
                     11,                0.66905,                0.43111,                0.85327,                 0.8936,                0.84333,                0.90269,                0.66322,                0.97296,                   0.55,                0.99545,             0.00048899,             0.00048899,             0.00048899
                     12,                0.68009,                0.41984,                0.85437,                0.90215,                0.85333,                0.90412,                0.66907,                0.94893,                0.52505,                0.99642,              0.0004867,              0.0004867,              0.0004867
                     13,                0.66449,                0.41939,                 0.8513,                 0.9303,                0.82306,                0.90429,                0.66925,                0.95331,                0.53788,                 1.0014,              0.0004842,              0.0004842,              0.0004842
                     14,                0.65574,                0.40634,                0.85353,                0.90891,                0.83833,                0.89853,                0.66853,                 0.9499,                0.53539,                 1.0037,             0.00048149,             0.00048149,             0.00048149
                     15,                 0.6983,                0.42911,                0.85616,                0.89857,                0.84159,                0.89881,                0.67076,                0.94887,                0.54705,                 1.0066,             0.00047859,             0.00047859,             0.00047859
                     16,                0.68504,                0.41469,                0.85787,                0.93826,                0.82333,                0.90071,                 0.6711,                 0.9309,                0.54641,                0.99058,             0.00047548,             0.00047548,             0.00047548
                     17,                0.66741,                0.41363,                0.84791,                 0.9022,                0.85667,                0.90519,                0.66751,                0.98434,                0.54435,                  1.009,             0.00047217,             0.00047217,             0.00047217
                     18,                0.66657,                0.41854,                0.84771,                 0.9304,                   0.84,                0.90953,                 0.6782,                0.94447,                0.52127,                0.98761,             0.00046867,             0.00046867,             0.00046867
                     19,                0.66837,                0.40469,                0.84946,                0.91516,                0.84833,                 0.9141,                0.67386,                0.96486,                0.54562,                 1.0019,             0.00046497,             0.00046497,             0.00046497
                     20,                 0.6686,                0.40729,                0.85112,                0.92494,                0.84667,                0.91574,                0.67735,                0.92652,                0.52009,                0.99298,             0.00046109,             0.00046109,             0.00046109
                     21,                0.66391,                0.41144,                0.84505,                0.90617,                0.86923,                0.91463,                0.67526,                0.94432,                0.51615,                 1.0014,             0.00045703,             0.00045703,             0.00045703
                     22,                0.65149,                 0.4052,                0.85035,                 0.9201,                 0.8637,                0.91476,                0.67472,                0.94265,                0.51236,                0.99986,             0.00045278,             0.00045278,             0.00045278
                     23,                0.65077,                0.39619,                0.83783,                0.91627,                  0.839,                0.90316,                0.67444,                0.96352,                0.53549,                0.99762,             0.00044837,             0.00044837,             0.00044837
                     24,                0.65076,                0.40649,                0.85161,                0.93688,                0.82333,                0.89893,                0.67679,                0.94944,                0.54094,                 1.0015,             0.00044377,             0.00044377,             0.00044377
                     25,                0.64073,                  0.409,                0.84344,                0.94337,                0.80523,                0.89991,                0.67616,                 0.9458,                0.55001,                0.98852,             0.00043902,             0.00043902,             0.00043902
                     26,                0.62403,                 0.3968,                0.83663,                0.92054,                0.83021,                0.89375,                0.66977,                0.92235,                0.54343,                0.99148,              0.0004341,              0.0004341,              0.0004341
                     27,                0.64397,                0.39429,                0.84096,                0.86535,                0.85688,                0.88666,                 0.6598,                0.93524,                0.55642,                0.98927,             0.00042902,             0.00042902,             0.00042902
                     28,                0.64182,                0.39562,                0.83808,                0.91958,                0.81951,                0.89825,                0.67514,                 0.9286,                0.54714,                0.98284,              0.0004238,              0.0004238,              0.0004238
                     29,                0.62823,                0.39002,                0.83886,                0.93391,                0.82435,                0.90073,                0.68089,                0.94565,                0.56179,                0.99255,             0.00041842,             0.00041842,             0.00041842
                     30,                 0.6207,                   0.39,                0.84155,                0.93742,                0.82667,                0.90411,                0.67995,                0.93894,                0.55636,                0.99505,              0.0004129,              0.0004129,              0.0004129
                     31,                0.63892,                0.40136,                0.83829,                0.92537,                0.82666,                0.90067,                0.67467,                0.93649,                 0.5556,                0.98955,             0.00040725,             0.00040725,             0.00040725
                     32,                0.60893,                0.38047,                 0.8357,                0.91284,                0.83788,                0.89654,                0.67385,                 0.9352,                 0.5506,                0.99851,             0.00040147,             0.00040147,             0.00040147
                     33,                 0.6375,                0.39652,                0.84345,                0.88972,                  0.845,                 0.9035,                0.67706,                0.95995,                0.55833,                0.99665,             0.00039556,             0.00039556,             0.00039556
                     34,                0.63942,                0.40187,                0.84459,                0.92521,                0.82476,                0.90982,                0.69051,                 0.9492,                0.56299,                0.99215,             0.00038953,             0.00038953,             0.00038953
                     35,                0.60492,                0.39079,                0.83728,                0.91789,                0.83838,                0.91276,                0.69523,                0.92354,                0.54473,                0.98666,             0.00038339,             0.00038339,             0.00038339
                     36,                0.61446,                0.38123,                0.83707,                 0.9163,                0.84167,                0.90738,                0.68157,                0.94041,                0.53562,                0.99794,             0.00037715,             0.00037715,             0.00037715
                     37,                0.63537,                0.39215,                0.83975,                0.91878,                0.84333,                0.90815,                0.68223,                0.92978,                0.52992,                0.99498,              0.0003708,              0.0003708,              0.0003708
                     38,                0.61746,                0.39707,                0.83875,                0.92127,                   0.83,                0.90857,                0.68916,                0.91171,                0.54193,                  0.996,             0.00036436,             0.00036436,             0.00036436
                     39,                0.62743,                 0.3855,                0.83143,                0.89929,                0.84832,                 0.9103,                0.69125,                0.92386,                0.55309,                 1.0016,             0.00035783,             0.00035783,             0.00035783
                     40,                0.61599,                0.37622,                0.83504,                0.90149,                   0.85,                0.90611,                0.69102,                0.91225,                0.53214,                 1.0051,             0.00035122,             0.00035122,             0.00035122
                     41,                0.62198,                0.38474,                0.83775,                0.91071,                  0.855,                 0.8999,                0.68733,                0.91879,                0.53972,                 1.0051,             0.00034453,             0.00034453,             0.00034453
                     42,                0.61788,                0.38202,                0.84353,                0.91929,                0.84167,                0.89956,                0.69075,                0.91046,                0.53971,                 0.9983,             0.00033777,             0.00033777,             0.00033777
                     43,                0.60729,                0.38407,                0.83354,                 0.9267,                0.84333,                0.90708,                0.70138,                0.90216,                0.53675,                0.99207,             0.00033096,             0.00033096,             0.00033096
                     44,                0.60966,                0.37887,                0.83603,                0.91336,                0.86091,                0.91474,                0.69367,                 0.9109,                 0.5408,                0.99713,             0.00032408,             0.00032408,             0.00032408
                     45,                0.60091,                 0.3672,                0.83691,                0.92407,                0.85184,                0.91067,                0.69711,                0.90667,                0.54078,                0.99586,             0.00031716,             0.00031716,             0.00031716
                     46,                0.61458,                0.38003,                0.83425,                0.92889,                0.84914,                0.90514,                0.68913,                0.91114,                0.54114,                0.99181,              0.0003102,              0.0003102,              0.0003102
                     47,                0.59448,                0.38025,                0.83556,                0.92675,                   0.85,                 0.9047,                0.68987,                0.89414,                0.53275,                0.98325,              0.0003032,              0.0003032,              0.0003032
                     48,                0.59206,                0.37637,                  0.839,                0.92527,                0.84611,                0.90503,                0.69288,                0.91583,                0.54581,                0.98626,             0.00029617,             0.00029617,             0.00029617
                     49,                0.57844,                0.36836,                0.83045,                0.93271,                   0.83,                 0.9042,                0.69158,                0.91227,                0.55401,                0.99066,             0.00028913,             0.00028913,             0.00028913
                     50,                0.57964,                0.36355,                0.82783,                0.93323,                   0.83,                0.90519,                 0.6899,                0.91274,                0.54645,                0.99038,             0.00028207,             0.00028207,             0.00028207
                     51,                0.59352,                0.37166,                0.83239,                0.92743,                 0.8307,                0.90464,                0.68341,                0.90494,                0.52886,                0.97759,               0.000275,               0.000275,               0.000275
                     52,                0.58399,                0.37007,                0.82726,                0.92872,                  0.835,                0.90308,                0.68205,                0.89646,                0.53352,                0.98459,             0.00026793,             0.00026793,             0.00026793
                     53,                0.59316,                0.36797,                0.83874,                0.92369,                0.83333,                0.90181,                0.68303,                0.88248,                0.52251,                0.97687,             0.00026087,             0.00026087,             0.00026087
                     54,                0.57807,                0.36131,                0.82938,                0.91738,                   0.84,                0.90153,                0.68029,                0.90856,                0.53263,                0.98558,             0.00025383,             0.00025383,             0.00025383
                     55,                0.60763,                0.37478,                0.83962,                0.92107,                0.84333,                  0.902,                0.68162,                0.91075,                0.52884,                0.98484,              0.0002468,              0.0002468,              0.0002468
                     56,                0.59564,                0.36847,                0.82864,                0.92597,                0.83383,                0.90532,                0.69063,                0.89915,                0.51782,                0.97693,              0.0002398,              0.0002398,              0.0002398
                     57,                0.57255,                0.36342,                0.83084,                0.92025,                0.82833,                0.90496,                0.68739,                0.91596,                0.53452,                0.98449,             0.00023284,             0.00023284,             0.00023284
                     58,                0.58397,                0.35929,                 0.8302,                0.90286,                0.85197,                0.90397,                0.69792,                0.88487,                0.52301,                0.97346,             0.00022592,             0.00022592,             0.00022592
                     59,                0.58665,                0.36519,                0.82766,                0.92323,                0.84181,                0.90124,                0.69259,                0.89076,                0.53172,                0.97257,             0.00021904,             0.00021904,             0.00021904
                     60,                0.58401,                0.36648,                0.83264,                0.93957,                 0.8292,                0.90309,                0.69273,                0.88937,                0.53413,                 0.9785,             0.00021223,             0.00021223,             0.00021223
                     61,                0.58088,                0.36502,                0.82792,                  0.938,                0.82667,                0.90132,                0.68968,                0.90221,                0.52298,                0.97688,             0.00020547,             0.00020547,             0.00020547
                     62,                0.58041,                 0.3627,                0.82774,                0.92882,                0.84333,                 0.9058,                0.69351,                0.90316,                0.52209,                0.97729,             0.00019878,             0.00019878,             0.00019878
                     63,                0.57967,                0.36712,                0.83531,                0.92694,                0.84581,                0.90495,                0.69262,                0.88396,                0.52196,                0.96827,             0.00019217,             0.00019217,             0.00019217
                     64,                0.57048,                0.35555,                0.82213,                0.93459,                0.83351,                0.90689,                0.69385,                0.90379,                 0.5308,                0.97455,             0.00018564,             0.00018564,             0.00018564
                     65,                0.57382,                0.36196,                0.82707,                0.92561,                0.81833,                0.90383,                0.69427,                0.91767,                0.53586,                0.98603,              0.0001792,              0.0001792,              0.0001792
                     66,                0.57359,                0.36193,                0.82674,                 0.9318,                0.81667,                0.89968,                0.69014,                0.90809,                0.52698,                0.98399,             0.00017285,             0.00017285,             0.00017285
                     67,                0.55681,                0.35893,                 0.8228,                 0.9256,                   0.83,                0.90011,                0.68543,                0.92008,                0.51516,                0.98313,             0.00016661,             0.00016661,             0.00016661
                     68,                 0.5548,                0.35498,                0.82729,                0.92043,                0.83667,                0.90827,                0.69134,                0.91251,                0.52477,                 0.9827,             0.00016047,             0.00016047,             0.00016047
